{
  "hash": "274a1412",
  "configHash": "87a7cca6",
  "lockfileHash": "44db411c",
  "browserHash": "7dd83c85",
  "optimized": {
    "@angular/common": {
      "src": "../../../../../../node_modules/@angular/common/fesm2022/common.mjs",
      "file": "@angular_common.js",
      "fileHash": "050057b4",
      "needsInterop": false
    },
    "@angular/common/http": {
      "src": "../../../../../../node_modules/@angular/common/fesm2022/http.mjs",
      "file": "@angular_common_http.js",
      "fileHash": "16739dcc",
      "needsInterop": false
    },
    "@angular/core": {
      "src": "../../../../../../node_modules/@angular/core/fesm2022/core.mjs",
      "file": "@angular_core.js",
      "fileHash": "a12c8fa4",
      "needsInterop": false
    },
    "@angular/forms": {
      "src": "../../../../../../node_modules/@angular/forms/fesm2022/forms.mjs",
      "file": "@angular_forms.js",
      "fileHash": "fce68130",
      "needsInterop": false
    },
    "@angular/platform-browser": {
      "src": "../../../../../../node_modules/@angular/platform-browser/fesm2022/platform-browser.mjs",
      "file": "@angular_platform-browser.js",
      "fileHash": "f60d9c81",
      "needsInterop": false
    },
    "@angular/router": {
      "src": "../../../../../../node_modules/@angular/router/fesm2022/router.mjs",
      "file": "@angular_router.js",
      "fileHash": "4c25fee9",
      "needsInterop": false
    },
    "@ng-bootstrap/ng-bootstrap": {
      "src": "../../../../../../node_modules/@ng-bootstrap/ng-bootstrap/fesm2022/ng-bootstrap.mjs",
      "file": "@ng-bootstrap_ng-bootstrap.js",
      "fileHash": "70e13880",
      "needsInterop": false
    },
    "rxjs": {
      "src": "../../../../../../node_modules/rxjs/dist/esm5/index.js",
      "file": "rxjs.js",
      "fileHash": "b142068d",
      "needsInterop": false
    }
  },
  "chunks": {
    "chunk-KYJHHWB5": {
      "file": "chunk-KYJHHWB5.js"
    },
    "chunk-4M6VMULJ": {
      "file": "chunk-4M6VMULJ.js"
    },
    "chunk-SXPPZFNV": {
      "file": "chunk-SXPPZFNV.js"
    },
    "chunk-NKDADFQW": {
      "file": "chunk-NKDADFQW.js"
    },
    "chunk-EOZNACFT": {
      "file": "chunk-EOZNACFT.js"
    },
    "chunk-MDB3JHPX": {
      "file": "chunk-MDB3JHPX.js"
    },
    "chunk-S35MAB2V": {
      "file": "chunk-S35MAB2V.js"
    }
  }
}