{
  "hash": "1b45f6d2",
  "configHash": "12d2e1e0",
  "lockfileHash": "8c8d7db8",
  "browserHash": "0c20144c",
  "optimized": {
    "@angular/common": {
      "src": "../../../../../../node_modules/@angular/common/fesm2022/common.mjs",
      "file": "@angular_common.js",
      "fileHash": "59629cf6",
      "needsInterop": false
    },
    "@angular/common/http": {
      "src": "../../../../../../node_modules/@angular/common/fesm2022/http.mjs",
      "file": "@angular_common_http.js",
      "fileHash": "cd65c912",
      "needsInterop": false
    },
    "@angular/core": {
      "src": "../../../../../../node_modules/@angular/core/fesm2022/core.mjs",
      "file": "@angular_core.js",
      "fileHash": "3a65f21c",
      "needsInterop": false
    },
    "@angular/forms": {
      "src": "../../../../../../node_modules/@angular/forms/fesm2022/forms.mjs",
      "file": "@angular_forms.js",
      "fileHash": "5ef05022",
      "needsInterop": false
    },
    "@angular/platform-browser": {
      "src": "../../../../../../node_modules/@angular/platform-browser/fesm2022/platform-browser.mjs",
      "file": "@angular_platform-browser.js",
      "fileHash": "6aa07143",
      "needsInterop": false
    },
    "@angular/router": {
      "src": "../../../../../../node_modules/@angular/router/fesm2022/router.mjs",
      "file": "@angular_router.js",
      "fileHash": "7cc1686e",
      "needsInterop": false
    },
    "@ng-bootstrap/ng-bootstrap": {
      "src": "../../../../../../node_modules/@ng-bootstrap/ng-bootstrap/fesm2022/ng-bootstrap.mjs",
      "file": "@ng-bootstrap_ng-bootstrap.js",
      "fileHash": "27e18bd4",
      "needsInterop": false
    },
    "@ng-select/ng-select": {
      "src": "../../../../../../node_modules/@ng-select/ng-select/fesm2022/ng-select-ng-select.mjs",
      "file": "@ng-select_ng-select.js",
      "fileHash": "006ea986",
      "needsInterop": false
    },
    "rxjs": {
      "src": "../../../../../../node_modules/rxjs/dist/esm5/index.js",
      "file": "rxjs.js",
      "fileHash": "015e749a",
      "needsInterop": false
    }
  },
  "chunks": {
    "chunk-VUVVUJVY": {
      "file": "chunk-VUVVUJVY.js"
    },
    "chunk-KUL5PHZD": {
      "file": "chunk-KUL5PHZD.js"
    },
    "chunk-VBBZ5OUJ": {
      "file": "chunk-VBBZ5OUJ.js"
    },
    "chunk-ECN4UJ7V": {
      "file": "chunk-ECN4UJ7V.js"
    },
    "chunk-47XN3ORK": {
      "file": "chunk-47XN3ORK.js"
    },
    "chunk-MDB3JHPX": {
      "file": "chunk-MDB3JHPX.js"
    },
    "chunk-S35MAB2V": {
      "file": "chunk-S35MAB2V.js"
    }
  }
}